timestamp,model_name,optuna_cv_mae,mae_train,mae_test,rmse_train,rmse_test,r2_train,r2_test,hyperparameters
2025-11-10 05:25:58,RandomForest,36896.91126668391,22962.35131230255,51487.305971846676,220526.24716721504,412050.2816382729,0.6965605414331293,-0.944977753361391,"{""n_estimators"": 300, ""max_depth"": 15, ""min_samples_split"": 19, ""min_samples_leaf"": 1, ""max_features"": 0.9842250745994928}"
2025-11-10 05:31:44,XGBoost,18456.27216796875,2593.732177734375,20603.859375,3609.835453313627,295008.678597766,0.9999186992645264,0.0030260682106018066,"{""n_estimators"": 100, ""learning_rate"": 0.08730404790057279, ""max_depth"": 5, ""subsample"": 1.0, ""colsample_bytree"": 1.0, ""reg_alpha"": 0.9889663480355432, ""reg_lambda"": 0.474975064445094}"
2025-11-10 05:33:13,LightGBM,50437.66164797024,45779.7763999728,44469.28245973769,363582.5158788506,285301.9295482002,0.1751832685803757,0.06755413935583021,"{""n_estimators"": 100, ""learning_rate"": 0.011178402416759858, ""num_leaves"": 38, ""subsample"": 0.9, ""colsample_bytree"": 0.9, ""reg_alpha"": 2.709641106702684e-06, ""reg_lambda"": 0.25179837263555477}"
2025-11-10 05:33:14,Pipeline_ElasticNet,52873.62380000858,52157.1095383649,46213.98289109116,393328.96654960315,297959.0081440823,0.03469769531175959,-0.017014740108093784,"{""alpha"": 9.783560308075208, ""l1_ratio"": 0.007080441654653104}"
2025-11-10 05:40:23,RandomForest,38021.16989070669,14169.49614704892,46889.72236995145,151885.9852161944,380278.5426570256,0.8560582142585899,-0.6566007337453741,"{""n_estimators"": 200, ""max_depth"": 14, ""min_samples_split"": 3, ""min_samples_leaf"": 1, ""max_features"": 0.9418216388252888}"
2025-11-10 05:44:03,RandomForest,37638.36017611933,18246.596093746397,48430.295167652126,191344.67595201227,375415.31926069525,0.7715536378887218,-0.6145005179420402,"{""n_estimators"": 100, ""max_depth"": 23, ""min_samples_split"": 16, ""min_samples_leaf"": 1, ""max_features"": 0.8102183203318079}"
2025-11-10 05:51:10,XGBoost,25288.90869140625,0.007769451010972261,21977.392578125,0.05255096382291442,295292.4629176979,1.0,0.00110703706741333,"{""n_estimators"": 1800, ""learning_rate"": 0.21601399598014834, ""max_depth"": 7, ""subsample"": 1.0, ""colsample_bytree"": 0.7, ""reg_alpha"": 0.039475647236774616, ""reg_lambda"": 1.3414756502490764e-07}"
2025-11-10 05:53:11,LightGBM,51097.1282084087,45766.17945944519,44203.66785390132,363708.5339481525,285646.86586004874,0.17461140485948734,0.06529808123358294,"{""n_estimators"": 100, ""learning_rate"": 0.01073221911349746, ""num_leaves"": 66, ""subsample"": 1.0, ""colsample_bytree"": 1.0, ""reg_alpha"": 3.260835121609976e-07, ""reg_lambda"": 1.6226944876974694e-08}"
2025-11-10 05:53:12,Pipeline_ElasticNet,56924.370410250805,55815.10189353232,52565.712620129874,388788.46338911337,303835.5053386849,0.05685553560769918,-0.05752648645045699,"{""alpha"": 9.841943927335718, ""l1_ratio"": 0.5043356083298536}"
2025-11-13 19:22:48,RandomForest,26394.15081501589,24042.30618552892,63415.96969117606,222116.29703243257,571388.738671214,0.11821031873774357,0.010289937645248326,"{""n_estimators"": 800, ""max_depth"": 21, ""min_samples_split"": 9, ""min_samples_leaf"": 10, ""max_features"": 0.10343801434670673}"
2025-11-13 19:25:34,XGBoost,25776.9755859375,13485.458984375,56946.57421875,132616.58659458853,575398.0285541479,0.6856598854064941,-0.0036478042602539062,"{""n_estimators"": 100, ""learning_rate"": 0.010154097791606802, ""max_depth"": 7, ""subsample"": 1.0, ""colsample_bytree"": 1.0, ""reg_alpha"": 1.0311455566498542e-08, ""reg_lambda"": 0.7628975006402916}"
2025-11-13 19:25:35,Pipeline_ElasticNet,24481.211300733197,23872.630328610976,65381.945102053716,231626.82695437502,572691.1848109681,0.04108109929663417,0.005772826572172041,"{""alpha"": 9.499120195484759, ""l1_ratio"": 0.33270890378770457}"
2025-11-13 19:28:11,RandomForest,20760.310937009017,9143.418233850194,59665.32227125323,89009.06803462155,569072.5805846778,0.8583969294539125,0.01829737206574089,"{""n_estimators"": 400, ""max_depth"": 32, ""min_samples_split"": 12, ""min_samples_leaf"": 1, ""max_features"": 0.679477027740168}"
2025-11-13 19:32:04,XGBoost,21553.5595703125,0.16960932314395905,60553.8359375,0.5355431487707143,579061.8425280671,1.0,-0.016469955444335938,"{""n_estimators"": 2000, ""learning_rate"": 0.016517878152222942, ""max_depth"": 10, ""subsample"": 1.0, ""colsample_bytree"": 0.8, ""reg_alpha"": 0.004367230266088236, ""reg_lambda"": 0.0364387532177873}"
2025-11-13 19:32:05,Pipeline_ElasticNet,24215.759474212824,23761.046260139596,64334.216619765684,232466.21533345568,572304.3512490927,0.03411848763758851,0.00711550673453909,"{""alpha"": 9.983007390839804, ""l1_ratio"": 0.013902259402371737}"
2025-11-13 20:18:30,RandomForest,54356.92210672968,34201.14389281637,13563.495230240129,277255.1179110221,53655.64247918176,0.6103517985185927,-27.90672968347115,"{""n_estimators"": 400, ""max_depth"": 50, ""min_samples_split"": 17, ""min_samples_leaf"": 1, ""max_features"": 0.9570733548178165}"
2025-11-13 20:21:34,XGBoost,51819.95234375,1114.9342041015625,23942.095703125,1415.4750086101837,119510.14256539066,0.9999898672103882,-142.409423828125,"{""n_estimators"": 1100, ""learning_rate"": 0.05665105473670123, ""max_depth"": 3, ""subsample"": 1.0, ""colsample_bytree"": 0.9, ""reg_alpha"": 0.011120091914287951, ""reg_lambda"": 4.023608551177787e-06}"
2025-11-13 20:21:34,Pipeline_ElasticNet,64547.425507273525,63835.60679498196,24134.992529602117,440945.9456824579,29156.923061367004,0.01443734159044363,-7.535943736994172,"{""alpha"": 9.691395506466543, ""l1_ratio"": 0.03354274088580766}"
2025-11-13 21:48:36,RandomForest,68424.67556327423,50164.99825634827,72767.34149783659,346297.0964475952,291425.267671306,0.392129268272462,-851.7516536376324,"{""n_estimators"": 300, ""max_depth"": 30, ""min_samples_split"": 15, ""min_samples_leaf"": 2, ""max_features"": 0.6637459891854489}"
2025-11-13 21:59:11,XGBoost,56542.48349609375,0.10083715617656708,98784.1328125,0.23312472810039056,722668.2533611117,1.0,-5242.7998046875,"{""n_estimators"": 2000, ""learning_rate"": 0.08752428180937963, ""max_depth"": 6, ""subsample"": 1.0, ""colsample_bytree"": 1.0, ""reg_alpha"": 0.08160934970401826, ""reg_lambda"": 0.00028440951538926404}"
2025-11-13 21:59:14,Pipeline_ElasticNet,67109.27122281029,65693.53591955283,25512.969162437697,440120.246243028,31418.753441328456,0.01812494373940543,-8.911652387680256,"{""alpha"": 9.946689839686558, ""l1_ratio"": 0.15463608830736442}"
2025-11-13 22:12:54,RandomForest,68190.67928306526,51356.91543131986,62743.00197664235,347499.0915127502,204211.8332159981,0.3879021137203682,-417.7260402900891,"{""n_estimators"": 600, ""max_depth"": 9, ""min_samples_split"": 20, ""min_samples_leaf"": 2, ""max_features"": 0.4023686383726766}"
2025-11-13 23:38:34,RandomForest,16722.25002519142,15405.568399795111,35303.46557088374,183535.74612878906,45055.1630852188,0.10621012130709517,-41.51963564391674,"{""n_estimators"": 100, ""max_depth"": 35, ""min_samples_split"": 20, ""min_samples_leaf"": 10, ""max_features"": 0.12507370992310826}"
2025-11-13 23:53:01,XGBoost,22189.858984375,17.73697853088379,111772.71875,21.434649130545836,251583.27550137351,1.0,-1324.757080078125,"{""n_estimators"": 800, ""learning_rate"": 0.02142479805355255, ""max_depth"": 10, ""subsample"": 0.8, ""colsample_bytree"": 1.0, ""reg_alpha"": 0.13117079402879225, ""reg_lambda"": 1.306309368892104e-06}"
2025-11-13 23:53:03,Pipeline_ElasticNet,17586.662267117394,16658.32963069451,4186732.752230068,192105.526171061,47219073.192959584,0.020794542728029053,-46701981.78603654,"{""alpha"": 7.057881673972241, ""l1_ratio"": 0.18439523249897083}"
2025-11-13 23:59:13,RandomForest,16994.256372958163,15100.547788858674,24229.2402799835,183366.71285929673,31281.371868603906,0.10785569343648749,-19.496135546661165,"{""n_estimators"": 350, ""max_depth"": 26, ""min_samples_split"": 15, ""min_samples_leaf"": 10, ""max_features"": 0.15297898949047656}"
2025-11-14 00:06:34,RandomForest,16678.725169235993,14983.283206382064,18595.831922507223,183145.73377652193,24204.171378561594,0.11000468150049036,-11.27102499964673,"{""n_estimators"": 1000, ""max_depth"": 33, ""min_samples_split"": 8, ""min_samples_leaf"": 10, ""max_features"": 0.10361102835467395}"
2025-11-14 00:06:47,Pipeline_ElasticNet,18355.40246248173,17404.887331818834,2430068.5198654677,191398.83531980944,27367497.276216477,0.027985618839979187,-15688106.960280009,"{""alpha"": 9.374048666681814, ""l1_ratio"": 0.06119387063379425}"
2025-11-14 00:09:12,RandomForest,18511.67030093912,15304.461892738771,47056.82002368394,179788.84475555466,62432.70896139597,0.14233123764065125,-80.64409156672957,"{""n_estimators"": 350, ""max_depth"": 49, ""min_samples_split"": 10, ""min_samples_leaf"": 8, ""max_features"": 0.3804103568847191}"
2025-11-14 00:09:30,Pipeline_ElasticNet,20640.050985029404,19421.352853037934,2753309.252022547,190490.33953549474,30981650.153217874,0.03719126702479203,-20105249.72415747,"{""alpha"": 7.0522253285121606, ""l1_ratio"": 0.13626014219863847}"
2025-11-14 00:11:40,RandomForest,16546.03450566535,15049.677660755591,29558.43909472742,183370.52182315598,38880.057504479984,0.10781862912245,-30.6631559127178,"{""n_estimators"": 400, ""max_depth"": 17, ""min_samples_split"": 20, ""min_samples_leaf"": 7, ""max_features"": 0.1251761747417061}"
2025-11-14 00:11:43,Pipeline_ElasticNet,17741.59016147718,17128.703685396908,9216.059478443256,192715.64188446075,14019.428190644654,0.014564869413116521,-3.116811700469091,"{""alpha"": 8.595060571106133, ""l1_ratio"": 0.256938202795587}"
2025-11-14 00:12:32,XGBoost,23428.6951171875,6610.31640625,260389.015625,58751.67755902805,889852.243950646,0.9084128141403198,-16584.791015625,"{""n_estimators"": 100, ""learning_rate"": 0.011929171005084598, ""max_depth"": 3, ""subsample"": 1.0, ""colsample_bytree"": 0.9, ""reg_alpha"": 0.18139946218762099, ""reg_lambda"": 4.025743214275714e-06}"
2025-11-15 14:00:33,RandomForest,8898.334558678212,7962.650104272897,12091.812775840677,89978.61744950224,15238.536311786116,0.13705523583395884,-5.7631050110462,"{""n_estimators"": 900, ""max_depth"": 35, ""min_samples_split"": 13, ""min_samples_leaf"": 9, ""max_features"": 0.11629775833542792}"
2025-11-15 14:00:35,Pipeline_ElasticNet,9685.761116736732,9173.520288169491,2848892.213023849,95190.04469676541,32196956.033100266,0.034199495495976784,-30191816.061352897,"{""alpha"": 9.865617668021345, ""l1_ratio"": 0.5981269980727213}"
2025-11-15 14:01:43,XGBoost,9949.391748046875,0.18421943485736847,3973.445556640625,0.24380329478668533,7191.039980420078,1.0,-0.5060627460479736,"{""n_estimators"": 1000, ""learning_rate"": 0.14974408220581495, ""max_depth"": 4, ""subsample"": 1.0, ""colsample_bytree"": 0.9, ""reg_alpha"": 0.6693322474637647, ""reg_lambda"": 2.0677743131379203e-08}"
2025-11-15 14:09:08,RandomForest,9132.613083411647,7530.778594355593,20878.489504395515,87062.76934104686,27486.581338297055,0.19207821059151553,-21.003971681390077,"{""n_estimators"": 450, ""max_depth"": 31, ""min_samples_split"": 10, ""min_samples_leaf"": 5, ""max_features"": 0.24636527742907252}"
2025-11-15 14:09:10,Pipeline_ElasticNet,9147.94102647521,8751.569552573837,4286.451451681322,95793.11912445312,5643.343406495545,0.021923114354923667,0.07246014547068114,"{""alpha"": 9.000928923348551, ""l1_ratio"": 0.38027320025763617}"
2025-11-15 14:11:29,XGBoost,11607.59765625,2415.6669921875,15906.9931640625,3084.9359798867786,43309.78790065821,0.9989856481552124,-53.630069732666016,"{""n_estimators"": 600, ""learning_rate"": 0.015195406702123685, ""max_depth"": 4, ""subsample"": 0.6, ""colsample_bytree"": 0.8, ""reg_alpha"": 0.001463912294169605, ""reg_lambda"": 0.000573071664279915}"
2025-11-15 14:16:25,RandomForest,9054.4056300925,7709.772585753229,12329.918716699549,87436.26240622143,15669.844258053112,0.18513148841283023,-6.151365621273334,"{""n_estimators"": 400, ""max_depth"": 33, ""min_samples_split"": 14, ""min_samples_leaf"": 5, ""max_features"": 0.12586566466788834}"
2025-11-15 14:16:29,Pipeline_ElasticNet,9025.577141793992,8641.768218398338,4237.095066192168,95838.48737895935,5550.229260766434,0.02099644761089925,0.10281610802814767,"{""alpha"": 9.177165777939493, ""l1_ratio"": 0.2792265203074202}"
2025-11-15 14:18:17,XGBoost,9894.83154296875,4486.83349609375,11785.919921875,41622.4216498752,28233.19578085343,0.8153458833694458,-22.215591430664062,"{""n_estimators"": 100, ""learning_rate"": 0.012360760332198933, ""max_depth"": 10, ""subsample"": 0.6, ""colsample_bytree"": 0.9, ""reg_alpha"": 0.0037386509282309457, ""reg_lambda"": 1.1753784980618356e-07}"
2025-11-15 18:11:09,RandomForest,8976.76622416873,7675.002050410514,15222.08292478933,86824.15507772929,19630.903421472587,0.19650070907691108,-10.223807130383204,"{""n_estimators"": 350, ""max_depth"": 19, ""min_samples_split"": 16, ""min_samples_leaf"": 4, ""max_features"": 0.2018601875171545}"
2025-11-15 18:11:12,Pipeline_ElasticNet,8781.943633611043,8426.544145213033,4142.461842256117,95918.97151479323,5376.345178326974,0.01935144376465625,0.1581515622289652,"{""alpha"": 9.377025499416565, ""l1_ratio"": 0.008487677165157914}"
2025-11-15 18:14:38,XGBoost,10713.06064453125,487.4156799316406,4803.1044921875,607.7221558821103,9711.03990312057,0.9999606609344482,-1.7465729713439941,"{""n_estimators"": 1900, ""learning_rate"": 0.02524011054388174, ""max_depth"": 3, ""subsample"": 0.9, ""colsample_bytree"": 0.7, ""reg_alpha"": 0.016499069103166408, ""reg_lambda"": 7.214358170481213e-05}"
2025-11-15 18:49:41,RandomForest,8849.135263667567,8153.89641965402,10952.406364806546,91340.55254534534,13424.081281920555,0.11073410764941294,-4.248422256617862,"{""n_estimators"": 950, ""max_depth"": 14, ""min_samples_split"": 17, ""min_samples_leaf"": 10, ""max_features"": 0.13431739217186495}"
2025-11-15 18:49:43,Pipeline_ElasticNet,8716.683500196239,8385.64358828336,4691.649569044782,95919.56010279157,6649.007847167647,0.01933940861180572,-0.28757730539654736,"{""alpha"": 9.935399176767104, ""l1_ratio"": 0.050421525840464165}"
2025-11-15 19:26:27,RandomForest,8880.768067064291,8239.262342251215,13427.07901665199,91045.884495123,16718.57732930268,0.11646246305627928,-7.140634551347102,"{""n_estimators"": 350, ""max_depth"": 42, ""min_samples_split"": 9, ""min_samples_leaf"": 10, ""max_features"": 0.1481412568887277}"
2025-11-15 19:26:29,Pipeline_ElasticNet,8976.604231034513,8637.588189156439,6388.747454649086,95806.51080354852,30376.098795731465,0.02164962900553913,-25.87346182088346,"{""alpha"": 9.801252123408787, ""l1_ratio"": 0.2247261045718425}"
2025-11-15 19:46:36,RandomForest,8760.669833533108,8225.218073488866,3141.697294956884,91072.68227015577,4326.1963824286,0.11594227865227913,0.45490514618879907,"{""n_estimators"": 300, ""max_depth"": 49, ""min_samples_split"": 12, ""min_samples_leaf"": 9, ""max_features"": 0.1030928069010875}"
2025-11-15 19:46:38,Pipeline_ElasticNet,8122.409389016391,7804.677798883006,3648.84078285947,96144.04031120436,4615.625501566316,0.014743964495097739,0.3795300533870899,"{""alpha"": 8.8482926045586, ""l1_ratio"": 0.023304917328585195}"
2025-11-15 19:47:16,XGBoost,8455.978125,0.040991153568029404,3272.504150390625,0.06131957352905348,4137.727153885331,1.0,0.5013643503189087,"{""n_estimators"": 400, ""learning_rate"": 0.13621705827707972, ""max_depth"": 9, ""subsample"": 0.9, ""colsample_bytree"": 0.6, ""reg_alpha"": 0.996250613382135, ""reg_lambda"": 0.00023217487425342007}"
2025-11-15 19:48:49,RandomForest,8715.248561196002,8219.311578126906,3235.8882421921276,91734.38097437973,4508.326259130049,0.10304917059565877,0.4080428133831051,"{""n_estimators"": 500, ""max_depth"": 47, ""min_samples_split"": 8, ""min_samples_leaf"": 10, ""max_features"": 0.1322710875172799}"
2025-11-15 19:48:51,Pipeline_ElasticNet,8076.414130650342,7741.92370014077,3988.612091459382,96153.72605717379,4937.427473260179,0.014545441105994872,0.28999553351749785,"{""alpha"": 9.895725288788999, ""l1_ratio"": 0.2000686351957387}"
2025-11-15 19:49:53,XGBoost,9101.132373046876,0.12367255985736847,3080.95166015625,0.2109816381405074,3884.835260342451,1.0,0.560453474521637,"{""n_estimators"": 2000, ""learning_rate"": 0.03986611273099481, ""max_depth"": 7, ""subsample"": 1.0, ""colsample_bytree"": 0.6, ""reg_alpha"": 0.015074537111773123, ""reg_lambda"": 0.8857833614508448}"
2025-11-15 19:51:34,RandomForest,8798.025479289714,7599.40714441322,3143.147768043151,85435.57953754364,4431.7441124575635,0.22199586375234814,0.42798294843954143,"{""n_estimators"": 750, ""max_depth"": 17, ""min_samples_split"": 14, ""min_samples_leaf"": 4, ""max_features"": 0.14195679116369242}"
2025-11-15 19:51:36,Pipeline_ElasticNet,8095.390360438602,7751.246634918835,3768.8698687224773,96169.85703866175,4663.511549027774,0.014214768893827334,0.366588804099775,"{""alpha"": 9.817816772923871, ""l1_ratio"": 0.07651725375515799}"
2025-11-15 19:52:49,XGBoost,10242.53671875,0.0020442353561520576,3520.603271484375,0.008940915982418727,4508.073424424229,1.0,0.408109188079834,"{""n_estimators"": 1300, ""learning_rate"": 0.25209679895277065, ""max_depth"": 6, ""subsample"": 0.9, ""colsample_bytree"": 0.7, ""reg_alpha"": 1.6482796838743852e-06, ""reg_lambda"": 7.021199832091915e-06}"
2025-11-15 19:54:55,RandomForest,8702.215791321822,7554.326680016913,2790.279495151296,87590.04413116627,3629.7186784597016,0.1822626081497758,0.6162878466020919,"{""n_estimators"": 300, ""max_depth"": 24, ""min_samples_split"": 18, ""min_samples_leaf"": 4, ""max_features"": 0.6628766334796659}"
2025-11-15 19:54:56,Pipeline_ElasticNet,8242.485687738133,7947.72525927206,3401.0204571264035,96075.9144453898,4370.813779896584,0.0161397377486463,0.4436037048764351,"{""alpha"": 8.44620652478276, ""l1_ratio"": 0.1533016166626815}"
2025-11-15 19:56:28,XGBoost,8997.803564453125,6.752114772796631,3791.74267578125,8.840590704604962,5008.382772911831,1.0,0.26944202184677124,"{""n_estimators"": 2000, ""learning_rate"": 0.05830969778000771, ""max_depth"": 4, ""subsample"": 1.0, ""colsample_bytree"": 0.6, ""reg_alpha"": 4.853836211247021e-06, ""reg_lambda"": 0.00031920327972932537}"
2025-11-15 19:58:04,RandomForest,9046.684710156847,8304.42618007835,14402.619060333835,91125.72640791716,17850.79062482757,0.11491216216017197,-8.280567513863867,"{""n_estimators"": 300, ""max_depth"": 40, ""min_samples_split"": 14, ""min_samples_leaf"": 10, ""max_features"": 0.19139344470174946}"
2025-11-15 19:58:06,Pipeline_ElasticNet,8428.09503890222,8099.724038716903,4271.264000855139,95846.3664738398,5277.16478603761,0.020835468881640007,0.18892515202218607,"{""alpha"": 9.488516653464385, ""l1_ratio"": 0.23170559402914861}"
2025-11-15 20:00:07,XGBoost,10698.173095703125,0.0030399635434150696,5430.96484375,0.017652006981889977,21506.646414538925,1.0,-12.471160888671875,"{""n_estimators"": 600, ""learning_rate"": 0.2469023424989585, ""max_depth"": 10, ""subsample"": 0.8, ""colsample_bytree"": 0.9, ""reg_alpha"": 3.216657334407046e-06, ""reg_lambda"": 1.763878301890222e-07}"
2025-11-15 20:02:33,RandomForest,8822.822426681603,7672.572822978796,2745.3884188243087,87457.87328882057,3568.2260211617945,0.18472863029621167,0.6291789884955761,"{""n_estimators"": 750, ""max_depth"": 39, ""min_samples_split"": 19, ""min_samples_leaf"": 4, ""max_features"": 0.7682538772226404}"
2025-11-15 20:02:34,Pipeline_ElasticNet,8164.245606167366,7826.379965990663,3423.3906555418084,96138.9322066711,4267.955797625197,0.014848654439679532,0.46948282539739805,"{""alpha"": 9.681309409299296, ""l1_ratio"": 0.17902060856833948}"
2025-11-15 20:03:24,XGBoost,9387.221826171875,0.26167187094688416,3007.072998046875,0.3414074668600713,3809.6726893527216,1.0,0.5772973299026489,"{""n_estimators"": 1300, ""learning_rate"": 0.026597458412963796, ""max_depth"": 9, ""subsample"": 0.8, ""colsample_bytree"": 0.7, ""reg_alpha"": 1.060691776723805e-07, ""reg_lambda"": 0.03424196292841218}"
2025-11-15 20:08:48,RandomForest,8739.459482127417,7968.635343391858,3012.7657906258273,87447.60538656007,4103.429645106768,0.1849200512632061,0.5095964496929424,"{""n_estimators"": 350, ""max_depth"": 13, ""min_samples_split"": 20, ""min_samples_leaf"": 5, ""max_features"": 0.4134835310489933}"
2025-11-15 20:08:50,Pipeline_ElasticNet,8474.084900867716,8078.716444979069,2999.5766075272472,96165.1205566533,3890.94941059209,0.01431186873725776,0.5590688401893673,"{""alpha"": 9.35462312938329, ""l1_ratio"": 0.01838643902613314}"
2025-11-15 20:10:29,XGBoost,10090.86435546875,0.028037546202540398,3232.85107421875,0.08472151289683766,4212.645724482419,1.0,0.48314404487609863,"{""n_estimators"": 1700, ""learning_rate"": 0.04157739305572607, ""max_depth"": 8, ""subsample"": 1.0, ""colsample_bytree"": 0.9, ""reg_alpha"": 6.167985531906792e-06, ""reg_lambda"": 0.2757408089166706}"
2025-11-15 20:18:15,LightGBM,9150.850591808352,8398.907968794416,4278.830001636712,92757.0939675512,5597.524099141899,0.08293813462143496,0.08746072268728378,"{""n_estimators"": 100, ""learning_rate"": 0.010487549251368543, ""num_leaves"": 29, ""subsample"": 0.9, ""colsample_bytree"": 1.0, ""reg_alpha"": 0.7020597524974012, ""reg_lambda"": 1.5955653180802908e-08}"
2025-11-15 20:34:27,RandomForest,8843.0555239817,7482.350911143101,3092.7060764165317,84629.452834985,4050.9347217927766,0.2366083023656408,0.5220635955748403,"{""n_estimators"": 1000, ""max_depth"": 22, ""min_samples_split"": 2, ""min_samples_leaf"": 4, ""max_features"": 0.5256333232866524}"
2025-11-15 20:34:31,Pipeline_ElasticNet,8637.6550622539,8255.17956627053,3050.3211696893854,96059.29251625534,3989.0918564183994,0.016480140252079,0.5365448675540061,"{""alpha"": 9.932511142185117, ""l1_ratio"": 0.3857023959731954}"
2025-11-15 20:37:09,XGBoost,9889.217352610012,0.12708954496276753,3403.8212424288977,0.18777536049642168,4414.8783631993965,0.9999999999962418,0.43232847847567624,"{""n_estimators"": 700, ""learning_rate"": 0.08869672279616267, ""max_depth"": 7, ""subsample"": 1.0, ""colsample_bytree"": 1.0, ""reg_alpha"": 0.035844369026910426, ""reg_lambda"": 0.8622880514457985}"
2025-11-15 20:40:08,LightGBM,9838.34325449104,8068.134863372399,3411.1998205381615,89198.11447967224,5147.948931477876,0.15196121594463974,0.2281585774302881,"{""n_estimators"": 100, ""learning_rate"": 0.02405857080809397, ""num_leaves"": 58, ""subsample"": 0.8, ""colsample_bytree"": 0.9, ""reg_alpha"": 0.0003507686997070451, ""reg_lambda"": 2.7915520543413632e-08}"
2025-11-15 21:54:43,RandomForest,8849.840373161425,8212.869353784867,3833.872912066686,90767.0425135165,5349.547973690625,0.1218661139754772,0.1665226632193617,"{""n_estimators"": 1000, ""max_depth"": 6, ""min_samples_split"": 13, ""min_samples_leaf"": 10, ""max_features"": 0.10566341800461773}"
2025-11-15 21:54:45,Pipeline_ElasticNet,8384.746305283577,8158.856841965134,2977.1583959530826,96107.58868485304,3888.629589677396,0.01549091410482406,0.5595944581261695,"{""alpha"": 9.530352029219253, ""l1_ratio"": 0.2284374428825821}"
2025-11-15 21:56:34,XGBoost,7312.121583652911,0.009192326986469223,3277.6516552185744,0.028254412794546213,4191.740004781654,0.999999999999915,0.4882612580454534,"{""n_estimators"": 1300, ""learning_rate"": 0.08777462246708188, ""max_depth"": 7, ""subsample"": 0.9, ""colsample_bytree"": 1.0, ""reg_alpha"": 0.00012504340477737753, ""reg_lambda"": 0.00016790663913346902}"
2025-11-15 21:58:37,LightGBM,9367.939207895222,8370.696081592685,3933.7728849931837,92364.17556282184,5414.476809516654,0.09069101455952955,0.14616762475773348,"{""n_estimators"": 100, ""learning_rate"": 0.011930379371026702, ""num_leaves"": 54, ""subsample"": 0.6, ""colsample_bytree"": 0.8, ""reg_alpha"": 4.222843606787431e-07, ""reg_lambda"": 0.010031487525622947}"
2025-11-15 22:02:19,RandomForest,8847.543152310684,8278.493360897906,3620.6817390979727,90783.90212684417,5426.842501895432,0.12153986399877437,0.1422631717825863,"{""n_estimators"": 350, ""max_depth"": 9, ""min_samples_split"": 7, ""min_samples_leaf"": 10, ""max_features"": 0.18243209299480329}"
2025-11-15 22:02:22,Pipeline_ElasticNet,8507.209236910923,8117.130911144166,2971.3423674107385,96133.06772968477,3872.1198067063165,0.014968839281570556,0.5633261402864809,"{""alpha"": 9.883298859401192, ""l1_ratio"": 0.17904682922999407}"
2025-11-15 22:04:33,XGBoost,8174.449190786584,0.004766246162948693,3407.0603466248244,0.010282051316362867,4369.175746304785,0.9999999999999888,0.4440206638627674,"{""n_estimators"": 1500, ""learning_rate"": 0.1513141177740834, ""max_depth"": 8, ""subsample"": 1.0, ""colsample_bytree"": 0.9, ""reg_alpha"": 1.8018244816959212e-05, ""reg_lambda"": 1.1362576304413705e-05}"
2025-11-15 22:05:47,LightGBM,9888.741960505675,8455.596991181737,3619.783606292243,91953.38670851369,5315.754161599778,0.09876131561503709,0.17701977858314866,"{""n_estimators"": 100, ""learning_rate"": 0.013548297033501128, ""num_leaves"": 53, ""subsample"": 1.0, ""colsample_bytree"": 0.6, ""reg_alpha"": 0.004121167577776876, ""reg_lambda"": 0.008014788635172434}"
2025-11-15 22:07:32,RandomForest,8713.259941200642,7771.15701692148,3543.6468166662607,87650.94433110577,5168.1524035330385,0.18112508883635225,0.2220884021317311,"{""n_estimators"": 600, ""max_depth"": 49, ""min_samples_split"": 13, ""min_samples_leaf"": 6, ""max_features"": 0.19730389390429529}"
2025-11-15 22:07:35,Pipeline_ElasticNet,8504.495581300886,8082.596193549063,2994.1655388955205,96160.8757637417,3885.7952574257606,0.014398884687016,0.560236227001303,"{""alpha"": 9.041264021598078, ""l1_ratio"": 0.0007612798708359625}"
2025-11-15 22:08:32,XGBoost,9357.508481586145,0.001934450797610528,3641.5485894706812,0.00943760179690822,4667.839760580872,0.9999999999999905,0.3654125188736842,"{""n_estimators"": 900, ""learning_rate"": 0.2885060956393643, ""max_depth"": 8, ""subsample"": 0.9, ""colsample_bytree"": 1.0, ""reg_alpha"": 1.5532426986281917e-07, ""reg_lambda"": 0.03496774888182989}"
2025-11-15 22:18:56,RandomForest,8609.681754570061,7673.839837298019,2919.587812349598,86460.54915999886,3759.932309643722,0.20417840184896863,0.5834153049931208,"{""n_estimators"": 950, ""max_depth"": 31, ""min_samples_split"": 15, ""min_samples_leaf"": 4, ""max_features"": 0.6429094230294136}"
2025-11-15 22:18:59,Pipeline_ElasticNet,8553.15937600608,8335.211034679452,3146.366800979558,96237.82667791269,4080.127182392099,0.014012620981872836,0.5094416650527434,"{""alpha"": 9.225634476993521, ""l1_ratio"": 0.24304329595794255}"
2025-11-15 22:20:40,XGBoost,6616.502438701302,17.21900260337944,3456.910079225352,21.899623590298628,4531.3678618550575,0.9999999489432646,0.394935186727417,"{""n_estimators"": 200, ""learning_rate"": 0.0860398964216472, ""max_depth"": 10, ""subsample"": 0.6, ""colsample_bytree"": 1.0, ""reg_alpha"": 1.3081383386733693e-08, ""reg_lambda"": 0.13563783178024025}"
2025-11-15 22:22:50,LightGBM,10199.975574561702,8479.679989648243,2835.9426785017063,88602.80337090272,3730.3195341584997,0.1642533040673675,0.5899514065515552,"{""n_estimators"": 100, ""learning_rate"": 0.03383974828181722, ""num_leaves"": 79, ""subsample"": 1.0, ""colsample_bytree"": 0.6, ""reg_alpha"": 0.00010803334714897675, ""reg_lambda"": 0.005156501918679643}"
2025-11-16 17:25:08,RandomForest,8941.246476829372,8135.626746877923,3655.333356360633,90011.89224380109,5234.671457320705,0.13641687041513517,0.2019346027880934,"{""n_estimators"": 400, ""max_depth"": 19, ""min_samples_split"": 4, ""min_samples_leaf"": 9, ""max_features"": 0.10272677893776577}"
2025-11-16 17:25:11,Pipeline_ElasticNet,8282.3496925959,8066.436622488512,3039.0243482913725,96183.74953069109,3923.2135469309087,0.013929939466734265,0.5517260329014658,"{""alpha"": 9.962541396395181, ""l1_ratio"": 0.009981529516088106}"
2025-11-16 17:26:38,XGBoost,8602.334820776357,239.97196265080896,3914.37481346559,291.00061213271147,5015.855462175491,0.9999909740656258,0.26726042399395256,"{""n_estimators"": 1100, ""learning_rate"": 0.042060542913607106, ""max_depth"": 4, ""subsample"": 0.8, ""colsample_bytree"": 0.6, ""reg_alpha"": 9.611589835519e-07, ""reg_lambda"": 3.364995152131717e-07}"
2025-11-16 17:28:10,LightGBM,12139.591178040708,7210.500639566411,3261.285247679621,77390.83789931478,4318.261244328955,0.36161383881038156,0.4569029455113479,"{""n_estimators"": 200, ""learning_rate"": 0.04184149538290501, ""num_leaves"": 111, ""subsample"": 0.7, ""colsample_bytree"": 1.0, ""reg_alpha"": 4.651199033574046e-06, ""reg_lambda"": 8.535234302619258e-06}"
